Country,Total Confirmed Cases/Population,Recovered/Population,Total Deaths/Population,total_tests/Population,Population Density (Square KM),No. of Doctors per thousands,Per capita COâ‚‚ emissions (tonnes per capita),Average precipitation in depth (mm per year) (mm per year),Population ,HDI INDEX,LITERACY RATE,LIFE EXPENTANCY,total expendature on ealth (% of GDP),Median Age,GDP per capita (int.-$) ($),"Age dependency ratio, old (% of working-age population) (% of working-age population)",Unemployment Rate,"Population, female (% of total) (% of total)","Alcohol consumption (litres per capita) (liters of pure alcohol, projected estimates, 15+ years of age)",Urban population/Population,Urban population,Rural population/Population,Rural population,Animal protein (kilocalories per person per day),Plant protein (kilocalories per person per day),Fat (kilocalories per person per day),Carbohydrates (kilocalories per person per day),"DALYs (Disability-Adjusted Life Years) - All causes - Sex: Both - Age: Age-standardized (Rate) (DALYs per 100,000)",Healthcare Expenditure per capita (int.-$) (constant 2011 international $),World Happiness Report 2016 (Cantril Ladder (0=worst; 10=best)),Poor sanitation (deaths),No access to handwashing facility (deaths),Indoor air pollution (deaths),Secondhand smoke (deaths),High blood sugar (deaths),Obesity (deaths),High blood pressure (deaths),Smoking (deaths),Iron deficiency (deaths),Zinc deficiency (deaths),Vitamin-A deficiency (deaths),Air pollution (outdoor & indoor) (deaths),handwashing_facilities,hospital_beds_per_100k,Testing policy (OxBSG),aged_65_older,aged_70_older,extreme_poverty,cvd_death_rate,diabetes_prevalence,Smoker
Afghanistan,0.102,0.098,0.004,0.292,54.42,0.32,0.37,327,38928000,0.5,39.17,64.83,8.38,18.6,1929,4.76,8.84,48.47,0.2,23.05,8971345,68.23,26558736,48.88,184.12,301.68,1555.32,56925.15,38042000,2.69,3783.11,4156.21,19397.38,5459.17,27534.68,19254.96,33345.02,9241.25,1035.21,807.83,4442.33,26054.2,37.75,0.5,1,2.58,1.34,0,597.03,9.59,0
Albania,0.518,0.503,0.014,3.176,104.87,0.32,2.18,1485,2878000,0.79,98.55,78.57,6.08,38,11285,19,13.87,49.52,7.5,59.29,1706345,40.55,1167112,237.68,208,958.77,1788.55,23013.69,2881000,5,1.6,4.5,736.88,592.12,2992.68,2635.44,7246.03,4161.16,0.67,0.54,5.56,1638.57,0,2.89,2,13.19,8.64,1.1,304.2,10.08,58.3
Algeria,0.12,0.116,0.004,0.12,17.35,0.32,3.64,89,43851000,0.75,80.61,76.88,7.41,29.1,13328,9.63,10.13,49.5,0.9,67.89,29770548,26.33,11547594,99.96,267.88,688.95,2239.21,24307.38,43053000,5.04,58.91,191.73,58.11,5257.5,32278.76,29338.76,43660.56,18609.93,137.53,10.86,61.65,13222.28,83.74,1.9,0,6.21,3.86,0.5,278.36,6.73,31.1
Argentina,1.895,1.845,0.05,4.793,16.18,0.32,4.62,591,45196000,0.83,99.09,76.67,4.99,31.9,18695,17.52,8.52,51.06,9.8,89.87,40618237,8.08,3652804,267.76,142.8,1048.14,1770.3,24632.59,44781000,5.79,68.64,541.18,1240.41,7399.09,47639.24,37927.89,46362.79,51911.52,71.79,9.83,39.95,17011.34,0,5,1,11.2,7.44,0.6,191.03,5.5,43.9
Armenia,1.838,1.805,0.034,10.793,102.93,2.8,1.93,562,2963000,0.76,100.77,75.09,4.68,35.7,9588,16.34,18.23,52.96,5.5,62.41,1849202,36.49,1081248,173,187.16,869.76,1698.08,25136.06,2958000,5.06,4.38,12.66,481.54,1135.04,6581.75,3779.63,8436.62,4871.94,1.62,0.71,0.31,2629.64,94.04,4.2,1,11.23,7.57,1.8,341.01,7.11,53.6
Australia,0.107,0.103,0.004,31.119,3.2,3.44,16.9,534,25500000,0.94,98.52,83.44,9.62,37.9,44783,23.68,5.59,50.18,10.6,82.87,21131467,13.6,3467466,286.72,138.4,1357.65,1493.23,19037.63,25203000,7.18,5.67,57.88,38.11,1714.45,20074.71,19912.51,26022.29,21559.35,1.67,0.57,0.24,4884.05,0,3.84,1,15.5,10.13,0.5,107.79,5.07,29.5
Austria,0.584,0.575,0.009,19.508,106.75,5.06,8.01,1110,9006000,0.91,98.52,81.54,11.41,44.4,45010,28.78,5.5,50.97,11.6,56.82,5117624,40.99,3691588,251.44,173.4,1533.96,1809.2,18620.94,8955000,7.4,6.28,8.64,53.59,942.84,14462.03,9148.49,18457.85,11502.31,0.7,0.11,0.52,3488.95,0,7.37,2,19.2,13.75,0.7,145.18,6.35,59.3
Azerbaijan,0.407,0.401,0.006,11.461,119.31,3.4,3.89,447,10139000,0.76,100.81,73.01,6.24,32.4,15296,8.51,5.03,50.19,0.8,53.83,5458164,43.44,4404265,120.32,252.28,533.43,2211.97,34532.29,10048000,5.17,86.75,67.6,1628.94,3011.19,17246.71,11781.98,24381.96,12216.66,12.38,16.13,74.65,6338.63,83.24,4.7,1,6.02,3.87,0,559.81,7.11,42.8
Bahrain,4.373,4.357,0.016,89.283,1935.91,0.94,23.08,83,1702000,0.85,96.72,77.29,5.18,32.4,39773,3.04,1.2,37.27,1.9,78.21,1331176,9.48,161408,120.32,252.28,533.43,2211.97,21249.86,1641000,5.17,1.19,3.65,1.76,105.2,990.82,854.63,642.28,329.06,1.13,0.06,0.38,406.69,0,2,2,2.37,1.39,0,151.69,16.52,43.4
Bangladesh,0.227,0.224,0.003,1.245,1265.04,0.48,0.53,2666,164689000,0.61,62.49,72.59,3.02,27.5,3250,7.66,4.37,49.57,0,35.85,59047279,64.13,105622472,39.68,183.68,269.37,1957.27,33089.66,163046000,4.5,17744.99,16129.92,70345.13,22897.58,109116.44,38771.29,157570.75,90795.06,1314.36,294.76,1240.34,122734.26,34.81,0.8,2,5.1,3.26,14.8,298,8.38,45.7
Belarus,0.868,0.858,0.009,21.413,46.86,4.07,6.48,618,9449000,0.81,100.72,74.79,5.89,40.3,18766,21.62,0.48,53.47,11.2,78.62,7428883,22,2078992,219.84,155.44,1168.56,1706.16,28326.77,9452000,5.23,3.67,13.96,113.6,2429.18,14637.87,19712.97,46340.26,21496.83,1.86,0.4,0.2,8264.97,0,11,3,14.8,9.79,0,443.13,5.18,56.6
Belgium,1.238,1.151,0.087,30.575,375.56,2.97,8.76,847,11590000,0.92,100.72,81.63,10.79,41.8,39733,28.87,7.09,50.69,12.1,96.12,11140192,2,231876,232.48,165.88,1460.88,1873.76,19465.35,11539000,6.89,13.57,51.11,27.48,1429.47,14697.65,8857.48,17324.52,20077.5,1.44,0.19,1.34,4980.12,0,5.64,1,18.57,12.85,0.2,114.9,4.29,56.5
Benin,0.02,0.02,0,1.681,99.11,0.15,0.67,1039,12123000,0.52,39.45,61.77,4.79,18.8,2166,6,2.47,50.12,3,43.11,5226648,49.07,5949044,57,200.72,448.2,1913.08,50235.16,11801000,5.82,4114.53,3904.87,4919.52,560.52,4639.15,3026.95,6007.27,1983.63,367.13,165.81,1809.86,6181.83,11.04,0.5,2,3.24,1.94,49.6,235.85,0.99,12.9
Bolivia,1.182,1.111,0.07,2.674,10.2,0.32,1.89,1146,11673000,0.69,96.14,71.51,6.53,25.4,6118,10.87,3.15,49.94,4.8,65.4,7634445,29.27,3417155,119.04,145,478.26,1513.7,30715.56,11513000,5.92,147.85,330.78,1557.2,569.49,10213.03,6386.12,8929.54,4024.8,118.26,20.43,76,4262.5,25.38,1.1,0,6.7,4.39,7.1,204.3,6.89,0
Bosnia and Herzegovina,0.9,0.872,0.028,7.855,68.5,0.32,7.6,1028,3281000,0.77,99.49,77.4,9.77,42.5,10576,23.91,25.56,50.91,6.4,51.17,1679019,55.71,1827998,121.68,244.88,645.48,2141.96,24302.19,3301000,5.89,1.03,3.07,1278.21,1259.73,9489.58,5023.06,10764.67,8482.65,0.35,0.07,0.57,3371.51,97.16,3.5,2,16.57,10.71,0.2,329.64,10.08,77.9
Brazil,2.366,2.296,0.07,8.421,25.04,0.32,2.27,1761,212559000,0.76,93.59,75.88,8.52,33.5,13479,12.27,13.32,50.85,7.8,84.98,180634620,13.48,28653658,210.36,169.6,1059.75,1823.29,27894.03,211050000,6.19,2231.32,3710.66,12154.33,26728.52,131163.04,165953.84,230453.82,167657.27,524.51,55.25,779.68,66244.64,0,2.2,2,8.55,5.06,3.4,177.96,8.11,28
Brunei,0.033,0.033,0.001,13.871,81.35,1.75,23.86,2722,437000,0.85,97.66,75.86,2.85,32.4,13479,6.34,7.08,48.53,0.4,75.84,331434,22.26,97263,211.8,161.84,743.4,1867.96,25380.98,433000,6.19,0.09,1.13,0.41,34.29,414.83,189.49,305.37,286.4,0.58,0.03,0.08,52.44,0,2.7,2,4.59,2.38,0,201.29,12.79,32.9
Bulgaria,0.335,0.322,0.013,8.088,65.18,4,6.93,608,6948000,0.81,99.39,75.05,8.64,44.7,17953,32.02,6.16,51.39,12.7,76.04,5283572,25.8,1792419,165.2,168.92,847.35,1647.53,26541.73,7000000,5.1,0.72,10.23,1541.41,2703.28,17412.19,18478.25,41273.04,20300.55,1.81,0.63,6.28,7684.42,0,7.45,1,20.8,13.27,1.5,424.69,5.81,74.5
Burkina Faso,0.011,0.01,0,0.014,70.15,0.32,0.17,748,20903000,0.42,38.75,61.58,5.16,17.6,1561,4.6,6.3,50.13,8.2,26.39,5516754,65.43,13676628,44.28,273.24,554.4,1848.08,57810.08,20321000,4.93,8121.42,8171.13,12783.28,2135.68,9530.22,4697.42,11928.22,3335.3,667.18,412.2,3478.07,15212.18,11.88,0.4,1,2.41,1.36,43.7,269.05,2.42,25.5
Cambodia,0.002,0.002,0,0.886,90.67,0.14,0.5,1904,16719000,0.58,79.35,69.82,5.88,25.6,3307,6.86,0.22,51.21,6.7,22,3678035,73.73,12327338,76.44,186.2,323.64,1890.72,36602.31,16487000,5.12,811.2,945.58,8429.45,2384.45,12367.32,3740.57,12145.34,12676.73,130.89,33.71,194.89,10744.17,66.23,0.8,1,4.41,2.39,0,270.89,4,35.7
Cameroon,0.08,0.078,0.002,0.561,50.88,0.14,0.32,1604,26546000,0.56,75.99,59.29,4.3,18.8,2803,5.85,4.24,49.95,8.9,50.54,13416447,40.07,10637280,46.8,233.04,513.72,1877.44,52120.33,25876000,5.25,7646.25,7701.19,6716.62,1467.82,11293.72,9643.63,14863.56,5243.71,759.62,276.76,2757.26,13301.43,2.74,1.3,1,3.17,1.92,23.8,244.66,7.2,0
Canada,0.465,0.44,0.025,21.13,4.04,2.5,15.64,537,37742000,0.93,75.99,82.43,10.65,41.4,42969,25.35,6.34,50.38,8.9,79.12,29862026,18.14,6846057,218.8,201,1323.45,1750.75,19226.77,37411000,7.18,61.04,91.84,18.19,3141.59,36530.46,32831.04,42419.43,49362.38,3.76,0.91,3.68,7835.32,0,2.5,3,16.98,10.8,0.5,105.6,7.37,28.6
Central African Republic,0.1,0.099,0.001,0.675,7.48,2.5,0.07,1343,4830000,0.37,37.75,53.28,4.4,18.3,619,6.88,5.95,50.68,3.3,39.53,1909291,56.93,2749789,68.52,115.72,535.86,1158.9,96470.91,4745000,7.18,3944.76,3249.22,3645.28,575.05,4579.11,1378.27,4908.97,2509.36,239.29,239.44,1782.92,4711.48,16.6,1,1,3.66,2.25,0,435.73,6.1,0
Chad,0.008,0.007,0.001,0.012,11.83,2.5,0.05,322,16426000,0.4,41.02,54.24,3.82,16.7,2192,4.93,5.89,49.94,1.5,20.73,3405841,69.98,11494153,38.8,212.08,423.81,1435.31,63126.54,15947000,4.49,16517.25,13485.45,11550.57,809.41,5580.89,2029.76,7721.6,1657.96,1088.69,1070.35,7770.26,14329.2,5.82,0,1,2.49,1.45,38.4,281,6.1,0
Chile,2.49,2.421,0.069,18.737,24.28,2.5,4.69,1522,19116000,0.84,97.63,80.18,7.99,35.4,21446,16.16,6.96,50.46,9.3,82.63,15796080,11.82,2258646,181.08,168.36,804.24,1825.32,21615.71,18952000,6.44,57.35,86.69,685.01,1887.18,16146.8,13848.4,21283.09,10405.16,9.54,0.54,3.65,5665.9,0,2.11,2,11.09,6.94,1.3,127.99,8.46,75.7
China,0.006,0.006,0,11.116,147.67,1.72,6.98,645,1439324000,0.75,97.36,76.91,5.75,38.7,12320,14.85,4.68,48.47,7.2,55.83,803554542,40.49,582840458,158.56,233.6,862.83,1853.01,22086.06,1433784064,5.13,2405.46,5348.4,271089.35,386641.41,891047.24,823869.26,2542365.12,2197652.61,325.33,147.47,1690.18,1242986.55,0,4.34,3,10.64,5.93,0.7,261.9,9.74,50.3
Colombia,1.742,1.688,0.054,7.955,44.22,1.82,1.66,3240,50883000,0.75,95.58,77.29,7.4,32.2,12963,11.1,8.85,50.8,5.8,77.57,39471325,18.86,9594290,133.92,123.6,739.35,1807.13,21427.33,50339000,5.98,116.57,382.4,2382.97,3637.83,20405.13,24986.07,44361.07,19433.68,51.52,19.06,71.71,11962.66,65.39,1.71,2,7.65,4.31,4.5,124.24,7.44,18.2
Costa Rica,1.665,1.645,0.02,4.933,96.08,1.82,1.77,2926,5094000,0.79,98.65,80.28,9.51,33.6,13986,13.74,8.14,49.99,4.8,75.66,3853972,20.65,1051797,163.92,136.36,814.14,1733.58,20790.95,5048000,7.14,4.24,39.81,178.82,290.57,2168.65,2824.65,4880.46,2203.8,4.1,0.48,1.96,1042.09,83.84,1.13,1,9.47,5.69,1.3,137.97,8.78,23.8
Cote d'Ivoire,0.076,0.075,0,0.114,76.4,1.82,0.48,1348,26378000,0.49,44.27,57.78,5.92,18.7,3664,5.37,2.6,49.34,8.4,46.35,12226576,45.75,12068174,54.68,179.36,533.97,2030.99,54257.12,25717000,5.27,6735.51,7127.22,10917.42,2812.05,10809.45,7189.31,17079.75,6312.14,948.48,337.29,2803.64,13404.03,19.35,0,2,2.93,1.58,28.2,303.74,2.42,0
Croatia,0.463,0.455,0.008,8.501,73.73,3.13,4.1,1113,4105000,0.83,100.27,78.49,8,44,21625,30.07,11.21,51.8,8.9,56.95,2337910,43.55,1787790,191.92,145.48,1066.05,1655.55,21599.11,4130000,5.54,1.54,3.99,429.83,1466.97,9614,7107.91,14095.98,9340.34,0.26,0.07,0.61,3089.39,0,5.54,2,19.72,13.05,0.7,253.78,5.59,74.2
Cuba,0.052,0.051,0.001,5.922,110.41,7.52,3.18,1335,11327000,0.78,100.71,78.8,11.26,43.1,21625,21.29,2.53,49.98,6.1,78.05,8840528,23.34,2644108,127.08,236.36,619.2,2426.36,21017.6,11333000,5.54,79.42,249.84,331.49,1842.24,11139.17,11028.71,19038.48,18457.32,12.61,0.91,1.27,6236.01,85.2,5.2,1,14.74,9.72,0,190.97,8.27,70.4
Cyprus,0.159,0.157,0.002,33.416,127.66,2.5,6.37,498,1207000,0.87,100.06,80.98,7.57,37.3,26540,19.23,11.04,49.94,10.8,65.32,788365,32.41,391186,180.2,130.24,1032.57,1305.99,18287.11,1199000,6.28,0.57,1.66,3.65,154.94,1566.37,832.41,1617.13,1492.22,0.18,0.01,0.05,499.23,0,3.4,3,13.42,8.56,0,141.17,9.24,72.3
Denmark,0.538,0.526,0.011,73.79,136.52,3.66,6.03,703,5792000,0.93,78.22,80.9,11,42.3,45141,30.82,5.74,50.26,10.4,87.42,5063231,12.2,706372,279.28,156.24,1210.86,1720.62,19430.93,5772000,7.65,4.72,22.17,12.75,582.35,8476.87,4128.48,8207.9,11700.02,0.4,0.11,0.57,2366.01,0,2.5,2,19.68,12.33,0.2,114.77,6.41,38.1
Djibouti,0.549,0.543,0.006,8.022,41.28,0.23,0.85,220,988000,0.48,78.22,67.11,10.77,25.4,3394,6.51,5.81,49.82,0.5,75.21,743080,21.65,213905,60.36,203.08,541.17,1802.39,39318.84,974000,7.65,150,172.4,162.28,86.18,626.75,369.84,744.49,343.12,30.67,6.93,22.26,404.36,0,1.4,3,4.21,2.38,22.5,258.04,6.05,26.2
Dominican Republic,1.077,1.057,0.02,4.668,222.87,0.23,1.98,1410,10848000,0.74,93.47,74.08,4.58,27.6,14088,10.95,5.49,50.21,6.9,79.68,8643423,19.58,2123575,105.6,127.2,803.34,1577.86,30965.8,10739000,5.43,124.64,395.48,1023.71,950.42,9927.6,9081.96,13710.99,7726.07,63.19,9.36,42.12,3363.7,55.18,1.6,2,6.98,4.42,1.6,266.65,8.2,27.6
Ecuador,0.822,0.753,0.069,2.592,66.94,0.23,2.33,2274,17643000,0.75,95.52,77.01,9.36,28.1,10536,11.02,3.84,50.02,4.4,60,10585047,34.23,6039811,146.12,99.32,852.48,1246.08,25477.07,17374000,6.13,76.7,281.99,441.67,724.41,13501.11,11277.03,13217.02,4721.52,39.63,26.8,68.53,3851.07,80.64,1.5,1,7.1,4.46,3.6,140.45,5.55,14.3
Egypt,0.102,0.096,0.006,0.132,98,0.81,2.24,51,102334000,0.7,76.84,71.99,5.84,25.3,11430,8.41,12.08,49.44,0.4,40.71,41660073,54.62,55893078,105.36,307.6,568.17,2540.87,35255.07,100388000,4.01,2534.96,1354.81,386.91,15891.71,102942.08,102516,145833.29,69344.15,321.29,168.93,1196.9,60543.5,89.83,1.6,1,5.16,2.89,1.3,525.43,17.31,50.3
El Salvador,0.46,0.447,0.014,6.443,307.81,0.81,1.1,1784,6486000,0.67,88.65,73.32,6.97,27.6,8335,12.86,4.49,53.04,3.7,70.09,4545815,28.25,1832038,101,186.6,560.34,1729.06,29122.39,6454000,6.28,142.15,165.03,933.16,565.56,7504.28,5428.8,7608.06,2218.9,5.58,1.1,22.33,2654.02,90.65,1.3,3,8.27,5.42,2.2,167.3,8.87,21.3
Equatorial Guinea,0.361,0.355,0.006,4.441,45.19,0.81,5.3,2156,1403000,0.59,96.2,58.74,4,22.4,31486,4.75,6.91,44.64,11.3,64.74,908248,25.62,359441,101,186.6,560.34,1729.06,46657.39,1356000,6.28,76.64,129.25,165.76,32.04,523.64,331.08,523.22,163.18,18.62,2.59,45.85,334.66,24.64,2.1,1,2.85,1.75,0,202.81,7.78,0
Estonia,0.283,0.278,0.005,17.302,31.03,3.32,15.13,626,1327000,0.87,100.82,78.75,6.58,42.7,26173,30.31,5.76,53.15,11.6,68.12,903958,31.01,411522,212.96,202.64,816.39,2021.01,23217.91,1326000,6.09,0.33,2.35,115.26,224.34,2555.79,2715.79,5379.59,2160.76,0.06,0.06,0.02,452.42,0,4.69,2,19.45,13.49,0.5,255.57,4.02,63.8
Ethiopia,0.071,0.07,0.001,1.155,104.96,3.32,0.13,848,114964000,0.46,50.03,66.6,5.08,19.8,1659,6.31,5.2,50.07,2.8,18.54,21316856,72.75,83640582,30.76,210.84,233.37,1656.03,40653.53,112079000,4.38,38734.89,33326.93,32771.23,3154.74,31268.61,10812.84,34120.5,9462.56,1984.34,1087.89,15895.88,40613.53,7.96,0.3,1,3.53,2.06,26.7,182.63,7.47,8.9
Finland,0.205,0.199,0.006,20.93,18.14,3.2,8.32,536,5541000,0.92,50.03,81.91,9.88,42.8,38335,34.04,8.64,50.72,10.7,84.87,4702519,14.6,808784,292.12,178.76,1262.34,1634.78,19522.24,5532000,7.86,0.87,5.34,17.74,325.4,8900.77,6021.79,12136.3,5638.94,0.36,0.03,0.12,1126.93,0,3.28,1,21.23,13.26,0,153.51,5.76,40.9
France,1.029,0.979,0.05,18.231,122.58,3.22,5.48,867,65274000,0.9,50.03,82.66,11.74,42,38758,31.7,9.4,50.83,12.6,82.45,53815732,20.38,13302916,277.4,164.68,1432.8,1607.12,17833.05,65130000,6.67,28.99,156.93,145.11,3616.95,65806.68,45053.73,79549.83,79002.38,6.57,1.68,0.56,18991.52,0,5.98,1,19.72,13.08,0,86.06,4.77,65.7
Gabon,0.396,0.394,0.002,8.631,7.86,0.41,2.73,1831,2226000,0.7,84.24,66.47,3.64,23.1,14334,7.46,19.66,48.63,11.5,80.95,1801886,10.03,223251,172.12,174.4,536.13,1947.35,42486.41,2173000,4.78,176.2,224.67,100.54,161.95,1523.48,925.37,1585.77,645.25,32.02,3.22,39.77,674.36,0,6.3,3,4.45,2.98,3.4,259.97,7.2,0
Georgia,0.256,0.255,0.002,17.719,65.03,4.78,2.8,1026,3989000,0.78,100.76,73.77,7.62,38.7,10483,22.54,11.6,52.25,9.8,54.26,2164505,38.92,1552595,115.28,206.84,581.31,2001.57,29519.9,3997000,4.66,8.14,16.3,1898.07,1674.25,11936.31,8434.54,19388.66,6798.58,4,0.87,2.23,4208.06,0,2.6,2,14.86,10.24,4.2,496.22,7.11,60.8
Germany,0.376,0.364,0.011,21.639,237.02,4.13,9.73,700,83784000,0.94,100.76,81.33,11.5,46.6,46841,32.77,3.75,50.76,13.4,76.26,63890984,22.44,18804016,245.92,160.44,1276.83,1815.81,19580.1,83517000,7.12,88.08,249.28,599.19,8161.02,155360.02,103098.56,204630.23,141530.76,7.94,0.92,1.07,41838.77,0,8,1,21.45,15.96,0,156.14,8.31,61.3
Ghana,0.151,0.15,0.001,1.595,126.72,4.13,0.58,1187,31073000,0.59,77.58,64.07,3.76,21.1,3753,5.83,2.36,50.17,2.7,51.41,15975849,41.38,12857780,68.88,189.4,413.64,2344.08,45910.46,30418000,7.12,4344.98,5685.7,9780.68,1680.17,17736.49,12387.26,23548.35,5839.36,363.25,118.77,1399.76,15080.08,41.05,0.9,3,3.39,1.95,12,298.25,4.97,8
Greece,0.205,0.201,0.004,13.338,83.48,6.26,6.81,652,10423000,0.87,96.29,82.24,8.28,45.3,24689,31.19,21.49,50.78,10.4,81.27,8471034,21.96,2289387,236.96,198.24,1319.94,1644.86,19396.77,10473000,5.41,1.36,25.74,78.07,2692.01,19419.93,12381.19,25439.95,24401.28,1.61,0.32,1,6943.89,0,4.21,2,20.4,14.52,1.5,175.7,4.55,87.3
Guatemala,0.539,0.52,0.019,1.971,157.83,6.26,1.23,1996,17916000,0.65,80.07,74.3,6.4,22.9,7137,7.79,2.73,50.78,2.4,47.84,8571763,46.56,8341740,71.32,183.6,501.57,1662.51,32309.45,17581000,6.63,1320.83,1200.07,4559.08,934.95,14293.52,7355.5,10405.19,3768.88,81.49,81.18,361.21,7184.91,76.67,0.6,2,4.69,3.02,8.7,155.9,10.18,0
Guinea,0.083,0.082,0.001,0.256,51.75,0.08,0.23,1651,13133000,0.46,31.47,61.6,5.84,19,1668,5.74,4.49,49.86,1.3,34.66,4551859,62.17,8165317,39.76,183.96,557.91,1784.37,59374.29,12771000,5.25,3317.61,4101.47,9235.51,1077.22,6744.35,3404.71,9574.88,2275.05,684.75,190.49,1498.89,10514.31,17.45,0.3,1,3.14,1.73,35.3,336.72,2.42,0
Guinea-Bissau,0.12,0.118,0.002,0.152,66.19,0.08,0.18,1577,1968000,0.46,60.77,58.32,5.79,19.4,1354,5.41,6.1,50.8,4.8,40.62,799328,53.96,1061955,35.56,140.6,571.5,1544.34,61936.52,1921000,5.25,841.51,750.52,1005.61,163.57,1017.44,516.44,1496.15,318.87,47.23,25.91,442.22,1181.16,6.4,0,1,3,1.57,67.1,382.47,2.42,0
Guyana,0.423,0.411,0.012,1.963,3.95,0.9,2.67,2387,787000,0.65,88.54,69.91,5.45,26.3,1354,8.08,12.04,49.52,6.3,26.23,206428,72.61,571431,144.28,173.76,536.85,1909.11,37282.71,783000,5.25,15.94,38.3,86.83,87.63,1220.06,827.72,1235.55,412.06,5.54,0.44,3.31,360.54,77.16,1.6,1,5.31,2.84,0,373.16,11.62,0
Haiti,0.078,0.076,0.002,0.255,398.45,0.9,0.27,1440,11403000,0.5,61.69,64,7.76,24.3,1636,7.71,13.99,50.55,5.8,52.34,5967859,43.97,5013370,40.6,150.28,440.55,1459.57,49023.73,11263000,3.61,2306.54,2230.96,6786.31,828.58,12659.7,6036.08,13522.38,4007.01,359.72,171.75,902.53,7853.99,22.86,0.7,1,4.8,2.95,23.5,430.55,6.65,26
Honduras,0.825,0.8,0.025,1.944,82.81,0.9,1.15,1976,9905000,0.62,89.42,75.27,8.92,24.9,4435,7.3,4.49,50.14,4,52.81,5230779,40.73,4034288,92.8,166.72,656.55,1724.93,28522.4,9746000,5.91,515.41,205.52,1974.23,770.43,4893.55,4497.03,7606.05,3974.18,46.93,5.12,43.21,2920.91,84.17,0.7,1,4.65,2.88,16,240.21,7.21,2
Hungary,0.365,0.355,0.009,8.319,108.04,3.32,5.18,589,9660000,0.84,100.38,76.88,7.6,43.4,24047,27.68,4.16,52.43,11.4,71.95,6950664,29.3,2830463,168.4,147,1238.85,1482.75,24252.44,9685000,5.91,27.64,11.37,1607.06,2371.55,21433.83,18739.69,39078.88,24006.58,1.44,0.29,1.95,7771.24,0,7.02,1,18.58,11.98,0.5,278.3,7.55,61.6
Iceland,0.958,0.955,0.003,88.688,3.4,3.65,10.39,1940,341000,0.94,100.38,82.99,9.06,37.3,42980,22.04,2.75,49.83,9.1,93.85,320032,6.23,21252,385.92,148.24,1359,1486.84,17664.75,339000,5.91,0.09,0.69,0.81,22.69,330.45,228.3,374.03,322.96,0.01,0.02,0.04,58.84,0,2.91,1,14.43,9.21,0.2,117.99,5.31,29.5
India,0.5,0.493,0.008,6.133,450.42,0.73,1.84,1083,1380004000,0.64,73.23,69.66,4.89,28.2,5961,9.04,3.52,48.18,5.7,32.61,449964523,64.44,889215604,47.96,193.04,470.25,1747.75,39559.7,1366418048,3.82,328719.97,257783.86,481737.84,225812.84,1003224.99,532151.02,1544920.2,894371.52,15245.43,4313.62,54836.04,1240528.7,59.55,0.53,3,5.99,3.41,21.2,282.28,10.39,22.5
Indonesia,0.117,0.113,0.004,1.347,145.73,0.73,1.84,2702,273524000,0.69,96.44,71.72,3.05,29.3,10511,7.9,4.18,49.66,0.8,52.75,144295048,43.76,119696331,70.84,177.88,519.3,2008.98,32671.56,270625984,5.34,21593.45,14940.85,68117.24,45314.64,333489.53,139963.08,427217.72,227477.42,1601.9,286.12,6163.27,123752.82,64.2,1.04,1,5.32,3.05,5.7,342.86,6.32,78.9
Iran,0.581,0.548,0.033,5.069,49.83,1.49,8.28,228,83993000,0.8,88.17,76.68,7.09,32.4,15529,7.68,12.52,49.71,1,71.89,60380245,24.74,20782543,88.88,260.24,677.61,2067.27,26346.12,82914000,4.28,129.08,337.78,172.44,9103.83,71193.65,53085.66,96839.3,38921,65.71,13.11,46.01,29098.2,0,1.5,0,5.44,3.18,0.2,270.31,9.59,21.9
Iraq,0.981,0.957,0.024,6.108,88.13,0.85,5.08,216,40223000,0.69,80.72,70.6,5.74,20,13976,5.65,8.16,49.38,0.4,66.87,26898636,28.28,11375982,52.72,201.8,577.62,1712.86,30139.27,39310000,4.28,208.37,118.46,45.53,3102.62,21105.72,18241.98,29013.8,11420.09,69.76,58.55,312.17,9427.17,94.58,1.4,2,3.19,1.96,2.5,218.61,8.83,0
Ireland,0.812,0.775,0.037,26.07,69.87,2.78,8.35,1118,4938000,0.94,80.72,82.31,7.98,38.7,55653,21.61,6.4,50.4,13,61.36,3030022,36.12,1783586,259.28,180.8,1132.56,2027.36,18623.25,4882000,6.96,1.59,8.92,17.48,400.18,4655.28,2807.65,5797.07,5694.1,0.5,0.08,0.4,1111.47,0,2.96,1,13.93,8.68,0.2,126.46,3.28,48.7
Israel,3.309,3.287,0.022,45.3,402.61,3.62,8,435,8656000,0.9,80.72,82.97,8.01,30.6,32494,19.42,4.22,50.33,3.8,92.94,8044682,7.71,667718,289.88,222.68,1364.22,1733.22,17481.91,8519000,6.93,10.36,21.23,20.51,503.77,8907.74,4580.67,7409.37,6092.15,2,0.44,2.34,2596.51,0,2.99,1,11.73,7.36,0.5,93.32,6.74,50.8
Italy,0.56,0.5,0.06,20.174,205.86,3.95,5.99,832,60462000,0.88,100.02,83.51,9.45,47.9,34989,36.28,11.21,51.26,7.5,70.25,42473185,29.9,18078231,232.96,201.08,1392.66,1752.3,17021.83,60550000,6.52,26.27,109.07,347.42,7436.23,104404.69,63364.94,119779.67,84848.16,3.26,0.73,6.8,29368.18,0,3.18,2,23.02,16.24,2,113.15,4.78,47.6
Jamaica,0.246,0.241,0.004,2.802,266.88,0.39,2.69,2051,2961000,0.73,89.5,74.48,5.56,31.4,7175,14.33,12.45,50.24,4.2,54.06,1600590,43.56,1289709,148.44,159.44,705.78,1732.34,28122.29,2948000,6.52,13.36,47.25,269.79,312.9,5284.42,3060.8,3877.46,2157.55,6.83,0.43,1.39,1231.62,66.43,1.7,1,9.68,6.39,0,206.54,11.28,33.9
Japan,0.069,0.068,0.001,1.772,347.78,2.37,9.45,1668,126476000,0.91,89.5,84.63,10.43,48.2,36452,45.03,2.83,51.17,8,91.76,116053379,8.49,10732418,193.84,157.08,779.4,1595.68,16214.11,126860000,5.79,103.85,1368.37,117.4,17858.08,114239.69,57112.7,197006.3,200015.96,9.61,3.6,5.29,49553.62,0,13.05,1,27.05,18.49,0,79.37,5.72,44.9
Jordan,0.211,0.209,0.001,13.442,109.29,2.65,2.2,111,10203000,0.74,99.01,74.53,7.65,23.2,11748,6.28,14.92,49.36,0.7,86.29,8804594,8.8,897759,108.72,209.64,900.81,1880.83,23676.32,10102000,4.64,6.53,40.2,0.95,720.16,5201.36,5265.71,6107.13,3337.48,12.82,3.84,31.53,1949.09,0,1.4,2,3.81,2.36,0.1,208.26,11.75,0
Kazakhstan,0.761,0.75,0.011,16.219,6.68,3.27,16.07,250,18777000,0.8,100.79,73.6,4.56,30.6,23399,10.74,4.9,51.57,7.7,55.08,10342065,40.98,7695581,228.24,157.4,1210.68,1667.68,31859.54,18551000,6.01,38.96,78.01,2001.41,3541.87,20919.23,22276.1,36869.89,20075.43,14.3,10.18,45.54,7996.2,99,6.7,3,6.99,4.63,0.1,466.79,7.11,50.1
Kenya,0.075,0.073,0.001,1.069,87.32,0.2,0.32,630,53771000,0.59,79.02,66.7,5.92,20,3214,4.73,11.47,50.3,3.4,24.55,13201277,67.88,36498585,63.6,183.76,431.82,1526.82,45177.7,52574000,4.66,12869.23,12624.86,14000.27,1996.78,20047.13,10046.42,24324.46,9780.15,879.78,297.4,4121.24,18890.77,24.65,1.4,1,2.69,1.53,36.8,218.64,2.92,21.6
Kuwait,2.562,2.547,0.015,18.186,232.13,2.61,25.24,121,4271000,0.8,97.12,75.49,3.24,33.7,67798,3.06,2.14,42.58,0,96.85,4136528,0,0,214.32,218.64,1052.82,2015.22,18712.63,4207000,4.66,0.47,14,1.14,249.48,1204.99,1658.99,1847.04,1074.33,1.37,0.41,1,831.53,0,2,2,2.35,1.11,0,132.24,15.84,39.7
Kyrgyzstan,0.745,0.729,0.017,4.239,32.33,1.85,1.73,533,6524000,0.67,100.5,71.45,6.68,26.3,6065,7.05,7.28,50.41,6.2,34.35,2240912,60.71,3960588,140.16,200.48,610.47,1865.89,30701.83,6416000,5.3,84.23,35.68,1225.27,883.8,5307.63,3963.39,8716.36,3800.93,17.95,9.03,40.56,2813.06,89.22,4.5,1,4.49,2.88,1.4,436.36,7.11,54.1
Latvia,0.126,0.124,0.002,18.759,31.21,3.22,3.68,641,1886000,0.85,100.89,75.29,6.08,43.9,23362,30.47,8.71,54.07,12.9,70.05,1321159,32.85,619581,203.88,161.68,1075.23,1733.21,27056.61,1907000,5.9,0.99,4.5,177.18,552.99,4780.21,4485.94,9300.1,4123.17,0.35,0.05,0.04,1457.92,0,5.57,1,19.75,14.14,0.7,350.06,4.91,76.6
Lebanon,0.729,0.722,0.006,13.796,594.56,2.38,3.21,661,6825000,0.76,95.05,78.93,6.59,31.1,12683,12.45,6.64,49.84,1.5,78.81,5378567,10.31,703790,117.28,201.56,920.79,1826.37,24477.9,6856000,5.17,3.93,33.34,0.59,1049.97,7397.58,6599.65,8072.7,6405.71,6.77,0.64,7.27,2761.54,0,2.9,1,8.51,5.43,0,266.59,12.71,67.6
Liberia,0.027,0.025,0.002,0.597,49.13,2.38,0.23,2391,5058000,0.44,48.6,64.1,10.24,19.2,764,5.54,2.39,49.55,5.8,47.43,2398934,46.12,2332972,32.56,118.08,538.74,1514.62,51219.83,4937000,4.13,1533.16,1489.62,2121.61,289.41,2122.12,1426.66,3010.03,927.96,257.81,103.65,611.93,2328.97,1.19,0.8,1,3.06,1.76,38.6,272.51,2.42,19.6
Lithuania,0.207,0.203,0.004,30.517,45.14,4.33,4.63,656,2722000,0.86,100.82,75.93,6.75,43.5,26182,28.72,7.07,53.93,15,70.14,1909164,33.75,918557,305.96,192,851.22,2067.82,27524.59,2760000,6.31,2.51,8.33,60.42,640.33,5747.42,5983.95,14129.81,5641.8,0.35,0.13,0.07,2054.47,0,6.56,1,19,13.78,0.7,342.99,3.67,59.3
Luxembourg,1.473,1.452,0.021,140.006,231.45,2.86,15.93,934,626000,0.9,100.82,82.25,7.14,39.7,69057,20.67,5.52,49.74,13,86.88,543862,8.88,55587,288.48,167.04,1276.47,1807.01,19136.04,616000,7.24,0.23,1.24,1.35,53.39,663.87,435.18,779.87,670.86,0.08,0.01,0.06,167.59,0,4.51,1,14.31,9.84,0.2,128.28,4.42,46.9
Madagascar,0.06,0.059,0.001,0.268,43.95,2.86,0.12,1513,27691000,0.52,65.66,67.04,3.24,19.6,1307,5.22,1.8,50.13,1.9,33.73,9339002,58.62,16231893,40.08,146.6,220.41,1644.91,51989.76,26969000,4.07,15674.02,13184.46,16691.15,2329.66,11664.42,6025.65,21904.09,5820.85,747.32,542,5401.48,18721.67,50.54,0.2,1,2.93,1.69,77.6,405.99,3.94,0
Malaysia,0.044,0.044,0,5.029,96.25,1.53,8.05,2875,32366000,0.8,95.64,76.16,4.37,29.9,22687,9.07,3.41,48.38,0.9,73.72,23859558,23.99,7764706,181.6,144.72,807.66,1782.02,25491.77,31950000,5.34,40.89,343.09,486.96,5436.2,19366.02,18260.71,38193.15,23650.09,51.01,1.75,8.22,11352.33,0,1.9,3,6.29,3.41,0.1,260.94,16.74,43.4
Maldives,1.986,1.979,0.006,27.864,1454.43,2.15,3.6,1972,541000,0.72,100.32,78.92,13.93,30.6,22687,5.68,4.99,43.14,2.7,31.76,171827,48.89,264503,343.84,145.88,568.08,1674.2,18422.91,531000,5.34,0.89,1.82,15.54,40.09,205.98,99.39,280.94,170.49,1.44,0.06,0.28,55.57,95.8,0,1,4.12,2.88,0,164.91,9.19,57.1
Mali,0.016,0.015,0.001,0.29,15.2,2.15,0.09,282,20251000,0.43,34.07,59.31,7.06,16.4,1604,5.06,7.91,49.96,1.3,38.06,7708272,53.5,10833708,94.76,246.04,577.71,1971.49,59694.02,19658000,4.42,9918.9,8346.08,9957.98,1260.52,7575.07,3617.81,10331.91,2594.44,974.14,488.36,3658.14,11522.08,52.23,0.1,1,2.52,1.49,0,268.02,2.42,24.6
Malta,0.793,0.784,0.009,62.288,1454.04,3.75,3.35,560,442000,0.88,95.07,82.53,9.95,42.4,27612,29.37,4.01,49.78,8.1,99.53,439915,5.74,25377,246.96,194.48,1045.35,1891.21,19286.04,440000,6.91,0.09,1.11,2.57,59.64,854.82,461.96,899.63,627.19,0.1,0.01,0.05,217.45,0,4.49,1,19.43,11.32,0.2,168.71,8.83,51.1
Mauritius,0.031,0.03,0.001,3.096,622.96,1.92,3.38,2041,1272000,0.79,91.62,74.99,5.01,37.4,18852,15.49,7.13,50.54,3.6,40.6,516481,58.82,748132,159.28,194.16,830.61,1880.95,27765.55,1270000,5.88,2.51,3.14,52.7,389.76,3700.11,1941.41,2633.5,1125.89,1.82,0.17,0.65,754.81,0,3.4,1,10.95,5.88,0.5,224.64,22.02,43.9
Mexico,0.624,0.56,0.064,1.593,66.44,2.12,3.8,758,128933000,0.77,95.55,75.05,6.5,29.3,15803,10.32,3.42,50.21,6.5,80.01,103158834,20.17,26004442,162.64,187.88,841.95,1879.53,26181.89,127576000,6.55,1000.46,1207.64,11727.48,9754.31,176933.53,115425.73,116440.81,51575.45,189.56,46.96,559.86,48071.25,87.85,1.38,1,6.86,4.32,2.5,152.78,13.06,28.3
Moldova,1.485,1.45,0.035,7.595,123.65,2.54,1.26,450,4034000,0.7,100.24,71.9,10.52,37.6,5851,14.8,4.45,52.02,15.2,37.45,1510667,50.55,2039083,140.96,144.68,770.67,1657.69,31126.03,4043000,5.68,5.07,28.58,525.85,831.7,6932.15,6589.07,15719.48,6386.44,1.4,0.64,0.6,2786.9,86.98,5.8,2,10.86,6.96,0.2,408.5,5.72,50.5
Mongolia,0.01,0.01,0,2.324,1.98,3.2,9.88,241,3278000,0.74,99.37,69.87,4.93,28.6,11105,6.08,6.96,50.53,7.4,64.14,2102605,29.68,973042,194.12,129.04,813.96,1372.88,37723.54,3225000,5.46,18.01,41.23,691.95,414.24,2325.34,2764.57,5050.11,2933.95,8.26,4.38,25.64,1663.8,71.18,7,1,4.03,2.42,0.5,460.04,4.82,52
Montenegro,2.071,2.04,0.03,11.858,46.28,2.19,4.18,241,628000,0.81,99.72,76.88,6.62,39.1,18244,21.99,16.07,50.66,8,65.89,413800,33.23,208671,252.44,195.84,1186.74,1855.98,23975.99,628000,5.65,0.05,0.51,169.46,220.38,1510.86,977.88,2188.7,1723.68,0.08,0.02,0.12,469.78,0,3.86,1,14.76,9.4,1,387.31,10.08,91.9
Morocco,0.387,0.381,0.007,7.595,80.08,0.62,1.76,346,36911000,0.67,72.71,76.68,6.11,29.6,7613,10.28,9.33,50.47,0.6,59.94,22125659,36.88,13613921,106.56,285.16,624.33,2386.95,31139.91,36472000,4.9,224.73,462.47,681.42,6664.74,51256.41,38977.39,75706.58,18401.83,209.18,17.36,288.23,19695.78,0,1.1,1,6.77,4.21,1,419.15,7.14,47.9
Mozambique,0.031,0.031,0,0.48,37.73,0.62,0.35,1032,31255000,0.44,59.84,60.85,7.18,17.7,1288,6.07,25.04,51.16,2.4,33.66,10519085,61.27,19149749,25.4,157.4,377.28,1722.92,65564.93,30366000,4.65,6869.59,6701.56,12820.77,1617.88,15412.56,6459.33,22172.41,9799.24,748.46,279.92,2094.92,14472.75,12.23,0.7,1,3.16,1.87,62.9,329.94,3.3,34.2
Nepal,0.338,0.336,0.002,3.931,204.43,0.6,0.31,1500,29137000,0.57,65.66,70.78,6,25,2586,9.18,2.74,51.46,2,19.45,5666414,81.13,23638584,45.84,230.76,485.01,1911.39,34963.12,28609000,4.91,5369.36,3552.75,11191.44,3683.8,17698.42,9139.5,24711.28,23557.88,346.91,33.13,333.22,25689.07,47.78,0.3,1,5.81,3.21,15,260.8,7.26,47.3
Netherlands,0.908,0.87,0.038,15.505,508.54,3.42,9.63,778,17135000,0.93,65.66,82.28,11.1,43.2,49254,28.98,4.84,50.24,8.7,91.07,15604089,8.92,1528765,303.08,143.8,1130.67,1650.45,18716.15,17097000,7.46,5.38,44.19,30.82,1783.05,21353.56,11861.43,23499.84,30790.93,1.93,0.31,1.05,6713.65,0,3.32,1,18.78,11.88,0,109.36,5.29,51.7
New Zealand,0.031,0.031,0.001,20.575,18.21,2.85,7.65,1732,4822000,0.92,97.94,82.29,11.23,37.9,34040,23.6,4.88,50.83,10.7,85.96,4145094,13.46,648806,219.24,150.92,1044.45,1722.39,20481.11,4783000,7.37,2.54,11.55,10.12,322.09,3814.43,3587.35,5473.53,4204.82,0.68,0.07,0.08,696.81,0,2.61,2,15.32,9.72,0,128.8,8.08,32
Niger,0.005,0.005,0,0.112,16.96,2.85,0.12,151,24207000,0.35,20.1,62.42,6.02,15.1,906,5.4,0.35,49.86,0.5,14.51,3511546,74.22,17965802,58.92,264.84,473.04,1750.2,54661.16,23311000,5.16,14623.78,12166.55,12318.91,1150.03,6050.77,2552.11,8654.14,1614.27,1008.55,919.33,7263.8,15427.93,8.98,0.3,1,2.55,1.38,44.5,238.34,2.42,15.5
Nigeria,0.029,0.028,0.001,0.264,209.59,2.85,0.56,1150,206140000,0.53,60.57,54.69,3.87,18.1,5323,5.16,7.04,49.33,13.4,45.85,94524992,46.75,96361319,39.4,215.64,507.87,1937.09,53711.82,200964000,5.25,72650.05,86843.92,64226.19,13792.6,46112.12,25869.46,79218.91,13479.01,6057.36,5023.92,38201.78,114114.74,41.95,0,1,2.75,1.45,0,181.01,2.42,11.4
Norway,0.277,0.272,0.005,21.031,14.46,4.42,8.44,1414,5421000,0.95,101,82.4,9.92,39.7,76397,25.72,4.16,49.55,7.5,79.78,4324609,17.66,957614,263.96,179.64,1342.35,1699.05,18648.42,5379000,7.44,4.88,18.87,19.61,387.93,5852.47,3343.84,6934.76,5898.26,0.32,0.04,0.24,1152.87,0,3.6,1,16.82,10.81,0.2,114.32,5.31,40.3
Oman,2.039,2.019,0.02,7.376,14.98,1.54,14.06,125,5107000,0.82,94.97,77.86,3.75,30.7,36883,3.11,3.25,34.16,0.8,75.86,3874061,14.92,762201,182.76,170.24,813.15,1976.85,25096.33,4975000,7.44,1.04,14.26,8.2,274.51,2055.82,2009.29,2798.27,921.58,3.17,0.35,2.22,902.31,97.4,1.6,2,2.36,1.53,0,266.34,12.61,16.1
Pakistan,0.144,0.141,0.003,1.718,255.57,0.81,1.01,494,220892000,0.56,57.44,67.27,2.81,23.5,5250,7.4,4.04,48.63,0.3,32.5,71796554,56.69,125219401,109.04,152.92,674.28,1503.76,45532.53,216564992,5.47,25963.83,20785.24,59080.24,33524.51,161493.51,100934.71,226593.83,128588.53,5287.02,1861.34,7361.33,128004.62,59.61,0.6,2,4.5,2.78,4,423.03,8.35,39.5
Panama,2.736,2.679,0.057,12.2,55.13,0.81,2.45,2928,4315000,0.79,96.04,78.51,8.23,29.7,21538,12.24,4.49,49.89,7.9,63.99,2761013,31,1337574,166.6,151.16,700.56,1714.68,22661.63,4246000,6.28,56.66,60.19,242.43,198.47,2816.28,2103.85,3309.64,1541.89,11.32,4.19,12.76,853.32,0,2.3,1,7.92,5.03,2.2,128.35,8.33,12.3
Paraguay,0.663,0.649,0.014,4.2,17.14,0.81,0.86,1130,7133000,0.7,96.54,74.25,10.01,26.5,8605,9.93,4.61,49.28,7.2,58.54,4175325,36.95,2635972,136.72,146.16,834.66,1471.46,25958.14,7045000,6.28,47.01,101.12,1326.43,665.57,6206.71,4314.69,6477.08,4293.23,28.58,0.25,25.15,2113.02,79.6,1.3,1,6.38,3.83,1.7,199.13,8.27,26.6
Peru,2.543,2.443,0.1,12.142,25.13,0.81,2.01,1738,32972000,0.75,95.37,76.74,5.67,29.1,11540,10.92,3.59,50.05,6.3,75.82,24999015,21.74,7166470,108.16,191.52,460.35,1939.97,21463.49,32510000,5.68,509.1,965.36,3775.03,1527.6,12426.93,12090.74,16083.04,7048.79,102.92,20.32,159.74,9572.58,0,1.6,2,7.15,4.46,3.5,85.76,5.95,4.8
Philippines,0.303,0.297,0.006,3.696,351.87,0.81,1.22,2348,109581000,0.7,97.62,71.23,4.91,25.2,7223,7.57,2.35,49.67,6.6,44.7,48977863,51.05,55940227,99.4,140.32,460.62,1869.66,36379.36,108117000,5.87,1467.36,4213.8,42000.07,21407.09,125938.75,68559.42,137091.32,93737.16,364.89,365.49,2045.77,64386.21,78.46,1,2,4.8,2.66,0,370.44,7.07,48.6
Poland,0.295,0.287,0.008,9.453,124.03,2.27,8.56,600,37847000,0.87,100.79,78.73,6.55,41.8,26002,24.5,4.89,51.71,11.6,60.31,22825379,40.03,15150462,213.08,192.8,1076.13,1968.99,23039.7,37888000,5.87,12.87,67.95,2399.67,7935.86,65170.76,55277.22,87936.19,76482.21,2.2,0.81,4.57,24629.35,0,6.62,1,16.76,10.2,0,227.33,5.91,56.4
Portugal,0.809,0.789,0.02,27.115,112.37,4.43,5.31,854,10197000,0.85,96.43,82.05,9.7,46.2,27726,33.15,8.87,52.67,12.3,65.27,6655095,35.68,3638623,269.12,174.4,1262.88,1770.6,18936.26,10226000,5.92,17.75,51.16,175.11,1557.62,20960.62,10776.83,18892.61,11869.45,1.49,0.19,1.21,4328.69,0,3.39,1,21.5,14.92,0.5,127.84,9.85,46.3
Qatar,4.422,4.414,0.008,28.475,227.32,1.96,49.18,74,2881000,0.86,98.76,80.23,2.39,31.9,139783,1.54,0.12,24.93,2,90.76,2614877,0.84,24334,269.12,174.4,1262.88,1770.6,21363.24,2832000,5.92,0.29,2.62,0.02,75.75,675.62,751.11,590.01,277.06,0.54,0.08,0.48,344.64,0,1.2,1,1.31,0.62,0,176.69,16.52,27.7
Romania,0.757,0.73,0.027,13.658,85.13,1.96,4.06,637,19238000,0.81,99.76,76.05,5.77,43,18913,26.69,4.93,51.55,12.6,54.91,10564196,46.9,9022343,188.84,223.24,927.27,2018.65,26808.12,19365000,6.15,28.23,65.39,3589.94,5869,29894.32,40891.3,92922.26,40499.03,7.05,3.21,32.99,15126.37,0,6.89,3,17.85,11.69,5.7,370.95,9.74,60
Russia,0.863,0.848,0.015,34.027,8.82,4.16,11.76,460,145934000,0.82,100.72,72.58,7.27,39.6,23064,20.78,5.2,53.53,11.7,73.56,107348258,25.45,37146786,224.72,186.64,950.67,1998.97,32178.74,145872000,5.51,122.52,470.68,381.85,37847.86,257065.55,286419.82,562932.92,301067.82,36.43,8.45,10.59,99392.16,0,8.05,3,14.18,9.39,0.1,431.3,6.18,81.7
Rwanda,0.038,0.037,0,3.962,494.87,0.06,0.08,1212,12952000,0.52,72.24,69.02,7.73,20.3,1741,5.23,1.3,50.96,9,16.14,2090690,78.12,10117717,22.36,204.88,213.93,1786.83,40388.02,12627000,3.56,2450.66,2753.31,4237.24,397.85,4631.61,1953.93,5372.27,3787.44,138.29,121.19,698.33,5523.83,4.62,0,3,2.97,1.64,56,191.38,4.28,25.7
Sao Tome and Principe,0.421,0.414,0.007,2.393,212.84,6.36,0.57,3200,219000,0.59,92.75,70.39,8.55,18.7,3640,5.32,13.47,50.2,6.8,67.15,147050,26.15,57277,63.6,148.72,698.76,1488.92,36754.62,215000,3.56,8.61,19.29,71.25,8.99,91.05,72.17,179.55,37.99,2.4,0.27,4.22,105.41,41.34,2.9,1,2.89,2.16,32.3,270.11,2.42,0
Saudi Arabia,0.971,0.957,0.014,19.907,15.32,2.57,19.28,59,34814000,0.85,95.84,75.13,4.88,31.9,47474,4.61,5.52,42.93,0.2,79.12,27543592,15.5,5394621,159.72,206.8,970.83,1917.65,24935.86,34269000,6.36,15.54,128.64,21.98,1570.08,16065.25,17398.96,19469.58,5603.74,20.93,1.73,10.05,8731.61,0,2.7,2,3.3,1.85,0,259.54,17.72,27.2
Senegal,0.091,0.089,0.002,1.117,82.33,0.07,0.59,686,16744000,0.51,56.62,67.94,4.86,18.7,2544,5.56,4.84,50.87,0.7,44.25,7408555,50.42,8442012,61,172.96,643.77,1578.27,41359.13,16296000,4.77,4236.47,3811.33,6068.73,1069.29,8134.96,4447.92,10267.33,2486.5,539.42,117.83,1180.46,7875.02,20.86,0,2,3.01,1.8,38,241.22,2.42,17
Serbia,0.393,0.384,0.009,13.582,80.29,2.46,5.13,686,8737000,0.79,99,76,10.57,41.2,14001,26.24,14.1,51.14,11.1,44.96,3928397,35.41,3093871,159.72,169.16,711.81,1687.31,25468.38,8772000,5.94,6.78,11.41,3611.88,3672.59,28518.7,18549.82,40844.45,24724.3,1.58,0.16,2.05,9902.23,97.72,5.61,1,17.37,0,0,439.42,10.08,77.9
Sierra Leone,0.029,0.028,0.001,0.063,104.7,2.46,0.18,2526,7977000,0.42,49.43,54.7,11.29,19.1,1070,4.58,4.47,50.48,5.7,39.44,3146521,55.29,4410691,59.48,165.04,529.56,1649.92,62171.28,7813000,4.31,3046.36,3107.86,5396.73,903.35,3986.36,2154.35,6783.9,2429.96,396.56,177.95,930.18,6102.43,19.28,0,2,2.54,1.29,52.2,325.72,2.42,50.1
Singapore,0.989,0.988,0,52.519,7915.73,2.28,11.34,2497,5850000,0.93,97.77,83.62,5.12,42.4,67180,17.92,2.02,50.59,2,95.94,5612253,0,0,59.48,165.04,529.56,1649.92,14901.23,5804000,6.37,0.44,30.25,2.35,247.24,2084.7,1558.15,3240.27,2400.2,0.63,0.13,0.14,1318.27,0,2.4,2,12.92,7.05,0,92.24,10.99,33.5
Slovakia,0.288,0.287,0.001,9.677,113.13,3.45,6.5,824,5460000,0.86,97.77,77.54,8.25,41.2,26713,21.66,8.13,51.39,11.5,53.55,2923996,46.08,2515896,139.8,150.24,1016.73,1637.23,23466.23,5457000,6.24,0.79,9.2,144.29,1232.43,7253.28,8379.9,15432.56,8241.24,0.56,0.41,2.42,3144.77,0,5.82,1,15.07,9.17,0.7,287.96,7.29,60.8
Slovenia,0.361,0.354,0.007,12.092,102.62,2.77,7.02,1162,2079000,0.9,100.71,81.32,9.43,44.5,28761,28.89,6.56,50.34,12.6,53.95,1121686,45.46,945062,207.24,177.52,1075.68,1707.56,19703.36,2079000,6.25,0.3,3.35,73.19,370.64,2348.07,2440.61,4284.84,2962.84,0.16,0.02,0.1,915.25,0,4.5,2,19.06,12.93,0,153.49,7.25,45.1
Somalia,0.024,0.023,0.001,0.038,23.5,0.03,0.05,282,15893000,0.9,100.71,57.4,9.43,16.8,28761,5.37,5.98,50.19,0,41.18,6544353,51.58,8198170,207.24,177.52,1075.68,1707.56,62153.35,15443000,6.25,6791.88,6631.36,11072.71,1317.59,9820.69,3145.75,11974.52,4876.43,839.46,391.63,5342.71,12357.46,9.83,0.9,1,2.73,1.5,0,365.77,6.05,0
South Africa,1.158,1.129,0.029,7.317,46.75,0.76,8.05,495,59309000,0.7,95.6,64.13,9,27.3,11949,8.14,27.33,50.92,9.3,62.97,37348247,32.66,19368909,145.52,195.8,752.58,1928.1,45453.02,58558000,4.88,6091.27,7300.4,4365.23,6289,56263.25,44740.23,55646.74,29919.66,262.27,111.98,1457.02,23547.48,43.99,2.32,3,5.34,3.05,18.9,200.38,5.52,41.3
South Korea,0.048,0.047,0.001,0.098,527.97,2.23,12.08,1274,51269000,0.9,79.02,64.13,7.57,43.4,36151,19.16,3.73,49.96,10.2,81.82,41946498,18.57,9519703,184.52,200.28,920.79,2028.41,17236.08,51225000,5.84,27.76,192.62,12.05,3978.67,44262.8,15880.89,30647.66,48052.7,7.43,0.67,1.09,17343.4,0,12.27,3,13.91,8.62,0.2,86,6.8,47.1
South Sudan,0.025,0.024,0,0.108,527.97,2.23,0.15,900,11194000,0.39,32.98,57.85,2.94,19.2,36151,6.27,11.54,49.9,10.2,21.73,2432898,90.61,10142816,184.52,200.28,920.79,2028.41,67989.9,11062000,5.84,7514.26,6860.26,7639.49,920,4873.09,1520.67,5569.63,2379.84,462.31,321.66,3721.24,9073.92,0,0,2,3.44,2.03,0,280.78,10.43,0
Spain,0,0,0,29.28,93.1,3.82,6.07,636,46755000,0.89,99.11,83.57,9.23,45.5,31556,29.5,17.22,50.97,10,79.77,37294880,19.84,9277148,260.6,158.92,1293.39,1461.09,17002.97,46737000,6.51,10.79,101.81,521.8,5132.53,58741.14,41510.4,68975.72,63968.59,4.2,0.44,1.54,17133.28,0,0,1,3.44,2.03,0,280.78,10.43,0
Sri Lanka,0.021,0.021,0,1.466,341.96,0.88,1.11,1712,21413000,0.77,93.61,76.98,3.7,34.1,11118,15.27,4.08,51.94,4.3,18.41,3942265,81.73,17501735,65.24,173.6,447.39,1852.77,22689.15,21324000,4.4,274.74,249.47,5480.36,3075.25,29917.86,11867.04,26360.81,12688.89,19.79,1.97,20.09,8406.54,0,3.6,2,10.07,5.33,0.7,197.09,10.68,27.3
Sudan,0.031,0.029,0.002,0.046,23.26,0.88,0.45,250,43849000,0.5,59.6,65.31,8.63,19.7,3750,6.38,12.73,50.02,0.5,31.77,13931306,60.67,26602024,116.8,166.04,623.25,1429.91,39487.4,42813000,4.4,5263.38,4294.67,10010.46,1031.57,24259.11,22213.82,44223.29,2868.31,644.39,478.12,2081.64,18078.82,23.44,0.8,2,3.55,2.03,0,431.39,15.67,0
Sweden,0.975,0.916,0.058,17.718,24.72,4.19,4.19,624,10099000,0.93,88.47,82.8,12.13,41,44371,31.99,6.72,49.96,9.2,86.88,8773636,12.81,1294108,283.32,147.56,1171.71,1576.41,18002.26,10036000,7.37,13.12,33.74,42.47,626.69,15100.66,8662.72,18130.35,13193.95,0.74,0.19,0.75,2256.62,0,2.22,1,19.99,13.43,0.5,133.98,4.79,37.7
Switzerland,0.679,0.658,0.021,16.995,214.24,4.11,4.73,1537,8655000,0.94,88.47,83.78,11.86,43.1,61844,27.64,4.8,50.45,11.5,72.15,6244619,25.67,2221398,239.08,133.24,1382.31,1636.37,17047.95,8591000,7.51,3.9,15.19,37.58,535.12,10149.99,5695.91,10732.06,9671.17,1.11,0.08,0.69,2313.08,0,4.53,1,18.44,12.64,0,99.74,5.59,51.5
Taiwan*,0.002,0.002,0,0.404,214.24,4.11,11.49,1537,23817000,0.94,87.3,80.46,11.86,42.2,42304,27.64,4.8,50.45,11.5,26.22,6244620,9.33,2221399,173.96,185,1138.05,1499.99,19591.13,23774000,6.47,11.35,150.63,614.49,4714.72,26897.37,16261.19,23016.99,27762.98,3.43,0.95,2.21,12721.83,0,0,1,0,8.35,0,103.96,0,0
Tajikistan,0.106,0.105,0.001,0.315,64.28,1.71,0.64,691,9538000,0.65,100.78,71.1,7.08,23.3,3544,5.66,10.28,49.78,3.3,25.24,2407157,68.3,6514186,85.08,168.44,543.51,1403.97,35255.32,9321000,6.47,1026.97,546.28,2279.73,1138.47,7905.62,4261.9,11326.54,4164.57,19.25,90.53,531.6,5317.5,72.7,4.8,1,3.47,2.16,4.8,427.7,7.11,0
Tanzania,0.001,0.001,0,0.003,64.7,0.02,0.25,1071,59734000,0.54,81.36,65.46,5.78,17.7,2518,5.98,2.21,50.55,9.4,31.71,18942681,64.23,38367338,40.8,190.4,415.26,1561.54,44298.82,58005000,3.45,9290.42,11698.93,22226.15,3629.92,22463.21,12275.89,31517.11,15146.15,1542.98,453.51,2599.11,27055.44,47.95,0.7,0,3.11,1.87,49.1,217.29,5.75,30
Thailand,0.005,0.005,0,1.073,135.13,0.47,4.79,1622,69800000,0.76,94.98,77.15,4.32,40.1,14341,15.95,1.08,51.24,8.3,48.66,33966456,50.25,35071057,99.4,144.12,527.49,2012.99,23662.25,69626000,6.01,196.97,2570.37,6244.84,8278.51,55471.88,42830.42,61559.29,56234.81,40.46,12.29,62.55,30625.15,90.67,2.1,2,11.37,6.89,0.1,109.86,7.04,40.7
Togo,0.023,0.022,0.001,1.188,143.37,0.47,0.38,1168,8279000,0.5,67.54,61.04,5.45,19.4,1515,5.11,1.84,50.15,3.1,38.77,3209687,55.42,4588007,36.16,203,428.31,1786.53,49336.86,8082000,4.02,1977.37,1927.46,2968.08,430.68,3140.82,1895.76,5173.94,1518.72,162.88,62.88,542.56,3800.59,10.48,0.7,1,2.84,1.53,49.2,280.03,6.15,15.1
Trinidad and Tobago,0.355,0.349,0.006,2.36,266.89,1.82,29.72,2200,1399000,0.78,99.97,73.51,6.13,36.2,29358,14.45,4.84,50.74,8.4,52.07,728443,45.8,640682,172.44,161,833.4,1885.16,28909.56,1395000,4.02,5.82,18.57,15.18,249.36,3425.11,2279.28,2656.87,1011.14,2.32,0.27,1.06,906.31,89.44,3,1,10.01,5.82,0,228.47,10.97,0
Tunisia,0.218,0.215,0.003,2.224,74.23,1.27,2.44,207,11819000,0.78,82.05,76.7,7.2,32.7,10621,11.77,15.38,50.6,1.9,66.98,7915883,30.6,3616244,113.48,280.88,825.12,2129.52,23405.92,11695000,4.74,27.81,76.85,21.08,2004.45,14141.08,10366.79,18996.2,10745.84,8.81,1.04,2.65,5756.9,78.69,2.3,1,8,5.08,2,318.99,8.52,66.9
Turkey,0.392,0.382,0.01,13.372,104.91,1.75,5.55,593,84339000,0.78,96.69,77.69,5.61,31.6,18784,12.19,11.26,50.75,2,71.46,60271313,24.28,20473707,145.24,287.24,1077.03,2196.49,23005.72,83430000,5.19,84.67,418.36,342.17,11286.87,62392.58,65436.34,90628.67,77090.42,47.36,10.14,119.02,39984.74,0,2.81,2,8.15,5.06,0.2,171.29,12.13,55.2
Uganda,0.021,0.02,0,1.095,213.76,0.09,0.13,1180,45741000,0.78,74.81,63.37,7.42,16.4,1909,4.33,2.1,50.26,9.5,21.74,9942492,71.97,32920466,49.56,161.16,419.22,1500.06,46651.42,44270000,4.32,7570.4,7260.48,10122.57,1135.18,12586.98,4804.78,15359.86,5556.86,387.41,271.16,1999.83,13599.27,21.22,0.5,1,2.17,1.31,41.6,213.33,2.5,20.1
Ukraine,0.56,0.549,0.011,5.693,77.39,3,4.8,565,43734000,0.78,100.76,72.07,7.3,41.4,9694,24.19,9.45,53.77,8.6,70.98,31043784,31.53,13787375,172.6,181.88,833.49,1950.03,34975.04,43994000,4.66,41.27,181.32,3850.31,16950.19,107616.56,105697.54,262123.47,117039.19,17.58,2.7,2.36,50130.48,0,8.8,1,16.46,11.13,0.1,539.85,7.11,60.9
United Arab Emirates,1.041,1.036,0.004,107.894,112.44,1.56,24.66,78,9890000,0.78,93.99,77.97,3.84,34,70284,1.35,1.67,27.6,3.8,81.98,8107437,13.07,1292708,166.8,251.68,785.7,2075.82,30806.92,9771000,6.6,1.62,21.1,6.62,514.77,3919.19,5056.74,4835.14,2512.92,1.94,0.32,1.95,2071.68,0,1.2,3,1.14,0.53,0,317.84,17.26,38.6
United Kingdom,0.828,0.765,0.063,39.3,272.9,2.81,5.81,1220,67886000,0.78,93.99,81.32,9.32,40.8,39162,29.04,4.33,50.66,11.4,80.86,54892898,16.39,11129375,233.12,179.72,1245.78,1765.38,20120.9,67530000,7.23,6.2,252.58,348.13,5963.64,71546.13,56735.41,84232.31,92871.02,12.84,1.81,4.01,24793.87,0,2.54,1,18.52,12.53,0.2,122.14,4.28,44.7
United States,2.298,2.234,0.064,34.861,35.61,2.57,16.24,715,331003000,0.78,99.44,78.86,17.34,38.3,53015,23.47,4.36,50.5,9.8,80.75,267278643,17.66,58440535,279.12,159.28,1453.86,1789.74,24305.79,329064992,6.88,576.85,795.29,508.18,25924.94,420327.93,408831.45,454347.03,422011.25,150.59,4.2,27.94,107506.73,0,2.77,3,15.41,9.73,1.2,151.09,10.79,43.7
Uruguay,0.064,0.063,0.001,7.391,19.75,2.57,1.98,1300,3474000,0.78,99.44,77.91,8.78,35.6,19896,22.8,7.89,51.69,10.8,94.77,3292209,4.74,164541,216,153.76,954,1726.24,23941.71,3462000,6.37,6.82,28.78,74.31,555.73,4946.02,3574.06,5645.29,4735.87,2.35,0.33,2.3,1194.37,0,2.8,1,14.66,10.36,0.1,160.71,6.93,33.9
Uzbekistan,0.18,0.178,0.001,4.117,76.13,2.45,3.1,206,33469000,0.78,101,71.73,6.04,28.2,9726,6.62,7.18,50.15,2.7,48.92,16371730,47.85,16015470,116.76,216.96,658.98,1767.3,35452.49,32982000,6.21,120.1,296.51,4417.49,6097.33,50134.53,34342.2,67601.6,20932.38,61.56,65.06,203.03,19856.23,0,4,1,4.47,2.87,0,724.42,7.57,26
Venezuela,0.285,0.283,0.002,6.96,36.25,2.45,4.99,2044,28436000,0.78,96.4,72.06,5.46,29,13159,10.05,7.66,50.26,5.6,99.16,28198335,13.29,3778730,152.48,139.56,742.41,1596.55,27375.6,28516000,5.01,208.34,317.32,124.68,3030.78,26801.21,25387.32,37447.2,15928.76,56.01,17.35,111.32,9197.12,0,0.8,3,6.61,3.92,0,204.85,6.47,0
Vietnam,0.001,0.001,0,1.037,308.13,0.78,2.08,1821,97339000,0.78,95.51,75.4,7.27,32.6,6031,10.24,2.05,50.51,8.3,34.56,33642782,63.59,61898018,124.2,202.24,648.99,1769.57,26376.66,96462000,5.3,813.57,1730.77,21274.05,15423.43,98864.07,28583.37,128962.94,86358.1,38,24.39,137.59,50232.33,85.85,2.6,3,7.15,4.72,2,245.47,6,46.9
Yemen,0.007,0.005,0.002,0.034,53.51,0.31,0.67,167,29826000,0.78,70.96,66.13,5.84,20.3,2199,5.11,14.04,49.48,0.1,34.11,10174671,60.6,18075749,55.52,180.24,430.47,1556.77,44559.64,29162000,3.06,4011.29,3029.54,4700.4,3394.25,17125.88,13795.61,29585.03,12553.33,1009.47,479.32,2869.49,12378.58,49.54,0.7,0,2.92,1.58,18.8,495,5.35,36.8
Zambia,0.083,0.081,0.002,0.954,22.99,0.09,0.28,1020,18384000,0.78,86.12,63.89,5.19,17.7,2199,4.7,7.79,50.38,4.8,39.96,7346373,53.02,9747757,36.92,183.96,378.45,1330.67,51675.32,17861000,4.04,4718.9,4553.89,5452.03,835.8,7572.95,3337.77,7322.78,4353.52,179.51,183.94,1366.48,7105.76,13.94,2,1,2.48,1.54,57.5,234.5,3.94,27.8
